<?xml version="1.0" encoding="utf-8"?>
<CanvasApp xmlns:xsi="http://www.w3.org/2001/XMLSchema-instance">
  <Name>App</Name>
  <AppVersion>2024-10-30T13:30:00Z</AppVersion>
  <Status>Ready</Status>
  <CreatedByClientVersion>3.24052.0</CreatedByClientVersion>
  <MinClientVersion>1.331</MinClientVersion>
  <Tags>{"primaryDeviceWidth":"1366","primaryDeviceHeight":"768","supportsPortrait":"false","supportsLandscape":"true","primaryFormFactor":"Tablet","publisherVersion":"3.24052.0","minimumRequiredApiVersion":"2.2.0","hasComponent":"false","hasUnlockedComponent":"false","isUnifiedRootApp":"false"}</Tags>
  <IsCdsUpgraded>0</IsCdsUpgraded>
  <GalleryItemId xsi:nil="true"></GalleryItemId>
  <BackgroundColor>RGBA(0,176,240,1)</BackgroundColor>
  <DisplayName>App</DisplayName>
  <Description></Description>
  <CommitMessage></CommitMessage>
  <Publisher></Publisher>
  <AuthorizationReferences>[]</AuthorizationReferences>
  <ConnectionReferences>[]</ConnectionReferences>
  <DatabaseReferences>[]</DatabaseReferences>
  <AppComponents>[]</AppComponents>
  <AppComponentDependencies>[]</AppComponentDependencies>
  <CanvasAppType>0</CanvasAppType>
  <BypassConsent>0</BypassConsent>
  <AdminControlBypassConsent>0</AdminControlBypassConsent>
  <EmbeddedApp></EmbeddedApp>
  <IntroducedVersion>1.0.0.0</IntroducedVersion>
  <CdsDependencies>[]</CdsDependencies>
  <IsCustomizable>1</IsCustomizable>
  <BackgroundImageUri>/CanvasApps/new_canvasapp_6fb7a</BackgroundImageUri>
  <DocumentUri>/CanvasApps/new_canvasapp_6fb7a</DocumentUri>
</CanvasApp>
